Patient,Q1,Q2
1,0.9446246358633746,0.9765188905574675
2,0.9782195053408501,0.9894350164424918
3,0.9704120736703163,0.9855126156749531
4,0.719609233593395,0.848745267129759
5,0.9246126871417456,0.9660786356138635
6,0.9118904160476343,0.9553556715328686
7,0.969821662079634,0.9850957771590257
8,0.9842036193009177,0.9924226622709403
