Patient,Q1,Q2
1,0.9551756873876049,0.9778263780047222
2,0.9921576804726449,0.9963455755288732
3,0.9742603713103505,0.9874157299483385
4,0.7358058587145917,0.8580231261409245
5,0.7874439184907505,0.9225731940804682
6,0.9099833647067841,0.9541889766797854
7,0.9694474714076269,0.9850389510753896
8,0.9934936109322776,0.9970162335086267
